BITS ID,Course,Total Marks
2024A7PS0101P,CS F111,85
2024A7PS0102P,CS F111,72
2024A7PS0103P,CS F111,63
2024A7PS0104P,CS F111,54
2024A7PS0105P,CS F111,41
2024A7PS0106P,CS F111,18
2024B3A70201P,MATH F111,96
2024B3A70202P,MATH F111,84
2024B3A70203P,MATH F111,78
2024B3A70204P,MATH F111,68
2024B3A70205P,MATH F111,58
2024B3A70206P,MATH F111,48
2024B3A70207P,MATH F111,32
2024B3A70208P,MATH F111,12
2024A3PS0301P,EEE F111,91
2024A3PS0302P,EEE F111,81
2024A3PS0303P,EEE F111,70
2024A3PS0304P,EEE F111,62
2024A3PS0305P,EEE F111,51
2024A3PS0306P,EEE F111,39
2024A3PS0307P,EEE F111,27
2024A3PS0308P,EEE F111,14
